{"2023_12": {"Optimal Weights": [0.0345, 0.2499, 0.0679, 0.2499, 0.1406, 0.0682, 0.0925, 0.0965], "Min Variance": -0.009880195102806685, "Weekly Return": 0.00987932731314999, "Annual Return": 0.6672973830038105, "Weekly Std Dev": 0.004395729362674313, "Annual Std Dev": 0.03169805522036975}}