{"2023_12": {"Optimal Weights": [0.2499, 0.1462, 0.0611, 0.0513, 0.0724, 0.0912, 0.078, 0.2499], "Min Variance": -0.010070500923267806, "Weekly Return": 0.010068235921004197, "Annual Return": 0.6835930371641015, "Weekly Std Dev": 0.007594883759778375, "Annual Std Dev": 0.05476748565413932}}